{
  "transition_dynamics": {
    "0->1": {
      "n": 50,
      "mean_path_ratio": 1.0973412585258484,
      "std_path_ratio": 0.14271000179191812,
      "mean_h_jump": 0.9785076546669006,
      "std_h_jump": 0.13665228051637054
    },
    "1->2": {
      "n": 50,
      "mean_path_ratio": 1.1054139494895936,
      "std_path_ratio": 0.09842504337335185,
      "mean_h_jump": 1.138669192790985,
      "std_h_jump": 0.15780434143915367
    },
    "2->3": {
      "n": 50,
      "mean_path_ratio": 4.062224011421204,
      "std_path_ratio": 12.28908402001705,
      "mean_h_jump": 1.119201475381851,
      "std_h_jump": 0.1317656107218476
    },
    "3->4": {
      "n": 45,
      "mean_path_ratio": 3.585061388545566,
      "std_path_ratio": 9.13281957561412,
      "mean_h_jump": 1.1844637857543097,
      "std_h_jump": 0.1429717446885788
    },
    "4->5": {
      "n": 33,
      "mean_path_ratio": 4.337842973795804,
      "std_path_ratio": 8.649780440784447,
      "mean_h_jump": 1.189028389526136,
      "std_h_jump": 0.1390144996720257
    },
    "5->6": {
      "n": 20,
      "mean_path_ratio": 7.4336866438388824,
      "std_path_ratio": 12.64873221508738,
      "mean_h_jump": 1.1278335750102997,
      "std_h_jump": 0.11936256793083042
    },
    "6->7": {
      "n": 13,
      "mean_path_ratio": 4.094236483940711,
      "std_path_ratio": 5.0055121104027345,
      "mean_h_jump": 1.2262897262206445,
      "std_h_jump": 0.1450464368667307
    },
    "7->8": {
      "n": 9,
      "mean_path_ratio": 13.578557385338677,
      "std_path_ratio": 11.632395356398233,
      "mean_h_jump": 1.160925308863322,
      "std_h_jump": 0.11889282700626892
    }
  },
  "stability": {
    "0": {
      "mean_drift": 1.0128263235092163,
      "std_drift": 0.29935285449028015,
      "n": 16968
    },
    "1": {
      "mean_drift": 1.175493836402893,
      "std_drift": 0.2922372817993164,
      "n": 10379
    },
    "2": {
      "mean_drift": 1.2004183530807495,
      "std_drift": 0.278781920671463,
      "n": 10864
    },
    "3": {
      "mean_drift": 1.2170614004135132,
      "std_drift": 0.2543794810771942,
      "n": 12050
    },
    "4": {
      "mean_drift": 1.2373613119125366,
      "std_drift": 0.2350415289402008,
      "n": 9229
    },
    "5": {
      "mean_drift": 1.2209287881851196,
      "std_drift": 0.2434636354446411,
      "n": 4400
    },
    "6": {
      "mean_drift": 1.232258915901184,
      "std_drift": 0.23300085961818695,
      "n": 2781
    },
    "7": {
      "mean_drift": 1.204066514968872,
      "std_drift": 0.23476091027259827,
      "n": 1812
    }
  },
  "count8": {
    "umap_separation_7_8": 0.13982389867305756,
    "h_separation_7_8": 0.9565715193748474,
    "count8_pred_mean": 6.96411657333374,
    "count8_pred_std": 0.058782223612070084,
    "count8_pred_median": 6.982446670532227,
    "count7_pred_mean": 6.9062113761901855,
    "n_count7": 1825,
    "n_count8": 9
  },
  "dimensionality": {
    "n_90pct": 12,
    "n_95pct": 22,
    "n_99pct": 51,
    "top5_variance": [
      0.27511274814605713,
      0.15902255475521088,
      0.10299471020698547,
      0.06625591218471527,
      0.05791975185275078
    ],
    "residual_r2_bot_x": 0.6859637498855591,
    "residual_r2_bot_y": 0.6429980993270874,
    "full_r2_bot_x": 0.7229523658752441,
    "full_r2_bot_y": 0.6537601351737976
  },
  "anticipation": {
    "t-10": {
      "mean": 0.0013940985590495446,
      "sem": 0.004645661017117797,
      "n": 270
    },
    "t-9": {
      "mean": -0.00530078312623556,
      "sem": 0.0043413175270801295,
      "n": 270
    },
    "t-8": {
      "mean": 0.0008557678338278223,
      "sem": 0.0052077081805461485,
      "n": 270
    },
    "t-7": {
      "mean": -0.0017583219437963434,
      "sem": 0.004856191702309561,
      "n": 270
    },
    "t-6": {
      "mean": -0.0014934452699014434,
      "sem": 0.0047124412613002865,
      "n": 270
    },
    "t-5": {
      "mean": -0.0012632984288588717,
      "sem": 0.005181045484681463,
      "n": 270
    },
    "t-4": {
      "mean": -0.006428465336837151,
      "sem": 0.004685014177468843,
      "n": 270
    },
    "t-3": {
      "mean": 0.0036974129758568274,
      "sem": 0.005225786335964775,
      "n": 270
    },
    "t-2": {
      "mean": -0.004058601035460554,
      "sem": 0.00486337518986944,
      "n": 270
    },
    "t-1": {
      "mean": -0.017982928910189204,
      "sem": 0.005090911025437049,
      "n": 270
    },
    "t+0": {
      "mean": 0.002000204620330974,
      "sem": 0.005069636380235417,
      "n": 270
    },
    "t+1": {
      "mean": 0.29040331952697174,
      "sem": 0.010045897297018193,
      "n": 220
    },
    "t+2": {
      "mean": 0.25019673813049764,
      "sem": 0.010177941917353541,
      "n": 220
    },
    "t+3": {
      "mean": 0.16811597809322518,
      "sem": 0.010286112371133796,
      "n": 220
    },
    "t+4": {
      "mean": 0.12180205118969421,
      "sem": 0.008809712527203806,
      "n": 220
    },
    "t+5": {
      "mean": 0.08800302036106586,
      "sem": 0.007698415722075012,
      "n": 220
    },
    "pre_mark_mean": -0.0032338564682544936,
    "post_mark_mean": 0.18370422146029095
  }
}