{
  "ghe": 0.327256108517829,
  "ghe_best_k": 5,
  "he_for_comparison": 1.32,
  "consecutive_geodesic_distances": [
    2.6180179119110107,
    1.651010274887085,
    1.7179993391036987,
    1.131351351737976,
    1.612006664276123,
    0.9961546063423157,
    0.990827202796936,
    1.535584807395935,
    0.963016152381897,
    1.667236566543579,
    0.9262710213661194,
    1.888630747795105,
    0.9429789781570435,
    1.2022167444229126,
    2.5444185733795166,
    1.1736973524093628,
    1.1745579242706299,
    1.1437350511550903,
    1.3240183591842651,
    1.7419742345809937,
    1.263765811920166,
    1.4664536714553833,
    1.1953058242797852,
    0.9753144979476929,
    0.9063176512718201
  ],
  "persistent_homology": {
    "beta_0": 1,
    "beta_1": 0,
    "topology": "arc (line segment)",
    "h0_features": 26,
    "h1_features": 0,
    "h0_top_lifetimes": [
      3.4839484691619873,
      2.6180179119110107,
      2.5444185733795166,
      1.888630747795105,
      1.7179993391036987
    ],
    "h1_top_lifetimes": []
  },
  "arc_length_linearity_r2": 0.9981856330368678,
  "cumulative_arc_length": [
    0.0,
    2.6180179119110107,
    4.269028186798096,
    5.987027525901794,
    7.1183788776397705,
    8.730385541915894,
    9.72654014825821,
    10.717367351055145,
    12.25295215845108,
    13.215968310832977,
    14.883204877376556,
    15.809475898742676,
    17.69810664653778,
    18.641085624694824,
    19.843302369117737,
    22.387720942497253,
    23.561418294906616,
    24.735976219177246,
    25.879711270332336,
    27.2037296295166,
    28.945703864097595,
    30.20946967601776,
    31.675923347473145,
    32.87122917175293,
    33.84654366970062,
    34.75286132097244
  ],
  "arc_length_slope": 1.367833448434487,
  "weber_fechner_r2": 0.01657774600182893,
  "power_law_r2": 0.15028576446544195,
  "consecutive_euclidean_distances": [
    2.6180179119110107,
    1.651010274887085,
    1.7179993391036987,
    1.1313514709472656,
    1.612006664276123,
    0.9961546063423157,
    0.9908271431922913,
    1.535584807395935,
    0.963016152381897,
    1.667236566543579,
    0.9262710213661194,
    1.888630747795105,
    0.9429789781570435,
    1.2022167444229126,
    2.5444188117980957,
    1.1736973524093628,
    1.1745579242706299,
    1.1437350511550903,
    1.3240184783935547,
    3.4839484691619873,
    1.263765811920166,
    1.4664536714553833,
    1.1953058242797852,
    0.9753144979476929,
    0.9063176512718201
  ]
}