{
  "analysis_1_rsa": {
    "spearman_rho": 0.9507741432493163,
    "spearman_p": 7.152571975187051e-19,
    "pearson_r": 0.9556197625674359,
    "pearson_p": 1.2753862634548397e-19,
    "noise_ceiling": 0.9932046332046334,
    "noise_ceiling_std": 0.0038501778725306204,
    "rdm_agent": [
      [
        0.0,
        5.117836124265868,
        5.979793401781403,
        7.180521833407718,
        8.434466123023146,
        9.735518392508455,
        11.026096922811243,
        12.302376116406183,
        12.24348958724277
      ],
      [
        5.117836124265868,
        0.0,
        2.6585371089010557,
        4.731331396072924,
        6.492206429456593,
        8.313231621029162,
        9.80601545770542,
        11.308910262856704,
        11.291440009505889
      ],
      [
        5.979793401781403,
        2.6585371089010557,
        0.0,
        2.228397576148925,
        4.352221306308174,
        6.464296112442287,
        7.9771874672107215,
        9.578121783530573,
        9.583445724479486
      ],
      [
        7.180521833407718,
        4.731331396072924,
        2.228397576148925,
        0.0,
        2.517845466037559,
        4.842841667679396,
        6.512354948267712,
        8.115198964531528,
        8.12892151201528
      ],
      [
        8.434466123023146,
        6.492206429456593,
        4.352221306308174,
        2.517845466037559,
        0.0,
        3.0462018242281044,
        5.120502995665354,
        6.510892431861531,
        6.508989139636472
      ],
      [
        9.735518392508455,
        8.313231621029162,
        6.464296112442287,
        4.842841667679396,
        3.0462018242281044,
        0.0,
        3.3561472749846466,
        4.569191208265163,
        4.676396374827318
      ],
      [
        11.026096922811243,
        9.80601545770542,
        7.9771874672107215,
        6.512354948267712,
        5.120502995665354,
        3.3561472749846466,
        0.0,
        2.3843898659477123,
        2.58815384187542
      ],
      [
        12.302376116406183,
        11.308910262856704,
        9.578121783530573,
        8.115198964531528,
        6.510892431861531,
        4.569191208265163,
        2.3843898659477123,
        0.0,
        0.9565715323935712
      ],
      [
        12.24348958724277,
        11.291440009505889,
        9.583445724479486,
        8.12892151201528,
        6.508989139636472,
        4.676396374827318,
        2.58815384187542,
        0.9565715323935712,
        0.0
      ]
    ],
    "rdm_ideal": [
      [
        0.0,
        1.0,
        2.0,
        3.0,
        4.0,
        5.0,
        6.0,
        7.0,
        8.0
      ],
      [
        1.0,
        0.0,
        1.0,
        2.0,
        3.0,
        4.0,
        5.0,
        6.0,
        7.0
      ],
      [
        2.0,
        1.0,
        0.0,
        1.0,
        2.0,
        3.0,
        4.0,
        5.0,
        6.0
      ],
      [
        3.0,
        2.0,
        1.0,
        0.0,
        1.0,
        2.0,
        3.0,
        4.0,
        5.0
      ],
      [
        4.0,
        3.0,
        2.0,
        1.0,
        0.0,
        1.0,
        2.0,
        3.0,
        4.0
      ],
      [
        5.0,
        4.0,
        3.0,
        2.0,
        1.0,
        0.0,
        1.0,
        2.0,
        3.0
      ],
      [
        6.0,
        5.0,
        4.0,
        3.0,
        2.0,
        1.0,
        0.0,
        1.0,
        2.0
      ],
      [
        7.0,
        6.0,
        5.0,
        4.0,
        3.0,
        2.0,
        1.0,
        0.0,
        1.0
      ],
      [
        8.0,
        7.0,
        6.0,
        5.0,
        4.0,
        3.0,
        2.0,
        1.0,
        0.0
      ]
    ]
  },
  "analysis_2_geodesic": {
    "centroid_k2": {
      "cv": 0.27111623179222105,
      "pearson_r": 0.965656104779641,
      "pearson_p": 1.763544719913634e-21,
      "consecutive_distances": [
        2.558917999267578,
        2.6585371494293213,
        2.2283976078033447,
        2.517845392227173,
        3.046201705932617,
        1.6780736446380615,
        2.384389877319336,
        0.9565715193748474
      ]
    },
    "centroid_k3": {
      "cv": 0.39639164114414605,
      "pearson_r": 0.8782064897738353,
      "pearson_p": 1.9730897921980417e-12,
      "consecutive_distances": [
        5.117835998535156,
        2.6585371494293213,
        2.2283976078033447,
        2.517845392227173,
        3.046201705932617,
        3.356147289276123,
        2.384389877319336,
        0.9565715193748474
      ]
    },
    "centroid_k4": {
      "cv": 0.39639164114414605,
      "pearson_r": 0.7862536912489346,
      "pearson_p": 1.3230711238403756e-08,
      "consecutive_distances": [
        5.117835998535156,
        2.6585371494293213,
        2.2283976078033447,
        2.517845392227173,
        3.046201705932617,
        3.356147289276123,
        2.384389877319336,
        0.9565715193748474
      ]
    },
    "dense_k5": {
      "cv": 0.22292948722141176,
      "pearson_r": 0.41542286813016505,
      "pearson_p": 0.01174885143696025,
      "consecutive_distances": [
        20.847225571933546,
        19.14437618030442,
        19.380850528158167,
        21.551454137798203,
        24.34765490704446,
        25.029336685025125,
        19.65116976186921,
        9.53620421451827
      ]
    },
    "dense_k10": {
      "cv": 0.13806234246172835,
      "pearson_r": 0.9018794187125038,
      "pearson_p": 6.041770663339012e-14,
      "consecutive_distances": [
        14.462106706535817,
        10.747462468659878,
        12.60652878791094,
        14.292258452016116,
        15.710594522416592,
        15.94189051668644,
        16.344071474444867,
        11.802666130661965
      ]
    }
  },
  "analysis_3_homomorphism": {
    "he_total": 2.826941967010498,
    "he_per_step": {
      "0->1": 9.588981628417969,
      "1->2": 1.6042673587799072,
      "2->3": 0.901857316493988,
      "3->4": 1.3961822986602783,
      "4->5": 2.60617995262146,
      "5->6": 3.5694026947021484,
      "6->7": 1.5296950340270996,
      "7->8": 1.4189707040786743
    },
    "mean_displacement_norm": 1.5304362773895264,
    "displacement_norms": {
      "0->1": 5.117835998535156,
      "1->2": 2.6585371494293213,
      "2->3": 2.2283976078033447,
      "3->4": 2.517845392227173,
      "4->5": 3.046201705932617,
      "5->6": 3.356147289276123,
      "6->7": 2.384389877319336,
      "7->8": 0.9565715193748474
    },
    "displacement_similarity_mean": 0.20435062050819397,
    "displacement_similarity_min": -0.09965825080871582,
    "mean_pairwise_cosine": 0.20200231671333313
  },
  "analysis_4_anisotropy": {
    "h_t_baseline": 0.513338029384613,
    "h_t_baseline_std": 0.2065092921257019,
    "displacement_baseline": 0.0005390765727497637,
    "displacement_baseline_std": 0.1459319144487381,
    "consecutive_raw": {
      "0\u21921 vs 1\u21922": 0.0917930006980896,
      "1\u21922 vs 2\u21923": 0.8736863136291504,
      "2\u21923 vs 3\u21924": 0.6805252432823181,
      "3\u21924 vs 4\u21925": 0.5107146501541138,
      "4\u21925 vs 5\u21926": 0.27761924266815186,
      "5\u21926 vs 6\u21927": 0.24545679986476898,
      "6\u21927 vs 7\u21928": 0.02152632735669613
    },
    "consecutive_corrected_disp": {
      "0\u21921 vs 1\u21922": 0.09125392138957977,
      "1\u21922 vs 2\u21923": 0.8731472492218018,
      "2\u21923 vs 3\u21924": 0.6799861788749695,
      "3\u21924 vs 4\u21925": 0.5101755857467651,
      "4\u21925 vs 5\u21926": 0.2770801782608032,
      "5\u21926 vs 6\u21927": 0.24491772055625916,
      "6\u21927 vs 7\u21928": 0.02098724991083145
    },
    "mean_raw_consecutive": 0.38590309023857117,
    "mean_all_pairs_raw": 0.2020023614168167,
    "mean_corrected_disp": 0.38536399602890015
  },
  "analysis_5_topology": {
    "centroid_h0_count": 9,
    "centroid_h1_count": 0,
    "h0_death_cv": 0.39639164114414605,