{
  "count_probe_r2": 0.9822474122047424,
  "count_probe_exact": 0.915625,
  "count_probe_mae": 0.24223765581846238,
  "bit_probe_0_accuracy": 0.953125,
  "bit_probe_0_weight_norm": 4.935101509094238,
  "bit_probe_1_accuracy": 0.9765625,
  "bit_probe_1_weight_norm": 4.058549880981445,
  "bit_probe_2_accuracy": 0.9890625,
  "bit_probe_2_weight_norm": 3.2073280811309814,
  "bit_probe_3_accuracy": 0.9953125,
  "bit_probe_3_weight_norm": 2.831362724304199,
  "probe_snr": 58.50905227661133,
  "carry_probe_accuracy": 0.9515625,
  "ghe": 0.17893969460415332,
  "arc_r2": 0.9959893357508525,
  "beta_0": 1,
  "beta_1": 0,
  "rsa_ordinal": 0.797771782876015,
  "rsa_hamming": 0.21225929623604847,
  "pairwise_r2_hamming": 0.054292649893988854,
  "pairwise_r2_decimal": 0.7044208675308812,
  "pca_variance_explained": [
    0.3596271276473999,
    0.1879289746284485,
    0.07845664769411087,
    0.05755142867565155,
    0.049232203513383865,
    0.04675343632698059,
    0.03785428777337074,
    0.03305364400148392,
    0.029311077669262886,
    0.02501276321709156
  ],
  "pca_90pct_dims": 10,
  "erank": 10.101818081122975,
  "dci_disentanglement": 0.1855345035147784,
  "dci_compactness": 0.05570622340807241,
  "nn_accuracy": 1.0,
  "n_samples": 6400,
  "n_counts": 16,
  "rdm_agent": [
    [
      0.0,
      1.5492913912753055,
      1.7507424874498925,
      2.080372413360199,
      2.1409143911677133,
      2.4888226577236536,
      2.3296998735648073,
      2.411595369363333,
      2.4299930448355713,
      2.576426379524854,
      2.5340076475028144,
      2.8244154128223924,
      2.7122382365375444,
      2.762390891965821,
      2.99706364529684,
      3.0048710334861175
    ],
    [
      1.5492913912753055,
      0.0,
      1.4130695385766745,
      1.5853499477288302,
      1.7279623911073307,
      1.9237357923055667,
      1.8843351642727433,
      2.0259228410732573,
      2.015046661374803,
      2.0987304997952063,
      2.179432121239736,
      2.4333423813085675,
      2.355583751623481,
      2.4936738950915256,
      2.7701591296845773,
      2.9232391930496253
    ],
    [
      1.7507424874498925,
      1.4130695385766745,
      0.0,
      1.2087882231000675,
      1.551846677743564,
      1.8295629187290126,
      1.6157130841169958,
      1.7672420328885914,
      1.8147750573189723,
      1.9657552574992985,
      1.84919052891629,
      2.3131720563875415,
      2.209824816094928,
      2.5027937387128594,
      2.813914379104354,
      3.007642333938768
    ],
    [
      2.080372413360199,
      1.5853499477288302,
      1.2087882231000675,
      0.0,
      1.418767798105344,
      1.7202568369189244,
      1.6189068694687194,
      1.5553257103380582,
      1.62989594200089,
      1.816812214817404,
      1.8530613960858249,
      1.9684628652904599,
      2.0370344914829333,
      2.491724358813318,
      2.85537700246177,
      3.0622774581637136
    ],
    [
      2.1409143911677133,
      1.7279623911073307,
      1.551846677743564,
      1.418767798105344,
      0.0,
      1.6917687626981108,
      1.4169017313278527,
      1.5337439776080113,
      1.4059829523064071,
      1.6480159333738333,
      1.6641533986970576,
      1.9067148374527205,
      1.7529554066493527,
      2.3288052586584636,
      2.658138906850778,
      2.9591680670605105
    ],
    [
      2.4888226577236536,
      1.9237357923055667,
      1.8295629187290126,
      1.7202568369189244,
      1.6917687626981108,
      0.0,
      1.6353083820974872,
      1.7252710296076919,
      1.741424162569085,
      1.6572532845008205,
      1.7414869234047963,
      1.9745270489318594,
      1.8801072325098864,
      1.8804847059101415,
      2.4256997544905756,
      2.805431532195615
    ],
    [
      2.3296998735648073,
      1.8843351642727433,
      1.6157130841169958,
      1.6189068694687194,
      1.4169017313278527,
      1.6353083820974872,
      0.0,
      1.3933705451295757,
      1.3215284882500093,
      1.3504546027665565,
      1.37103632861425,
      1.7837382398858161,
      1.4219966374217718,
      1.953860748349006,
      2.24277670488181,
      2.5160728224979176
    ],
    [
      2.411595369363333,
      2.0259228410732573,
      1.7672420328885914,
      1.5553257103380582,
      1.5337439776080113,
      1.7252710296076919,
      1.3933705451295757,
      0.0,
      1.2923150703384252,
      1.4571321463642395,
      1.2854961332416157,
      1.661499333682477,
      1.5217538533672161,
      1.8496143772378937,
      2.224743626878981,
      2.372143357750786
    ],
    [
      2.4299930448355713,
      2.015046661374803,
      1.8147750573189723,
      1.62989594200089,
      1.4059829523064071,
      1.741424162569085,
      1.3215284882500093,
      1.2923150703384252,
      0.0,
      1.2381004728052318,
      1.3046345972987101,
      1.546815440712737,
      1.3459896392944974,
      1.9350952838956483,
      2.2869025413104893,
      2.453778127384162
    ],
    [
      2.576426379524854,
      2.0987304997952063,
      1.9657552574992985,
      1.816812214817404,
      1.6480159333738333,
      1.6572532845008205,
      1.3504546027665565,
      1.4571321463642395,
      1.2381004728052318,
      0.0,
      1.3099770148643766,
      1.5015503338365117,
      1.3258067380974652,
      1.7064830047961501,
      2.0891239577653047,
      2.4568145600688567
    ],
    [
      2.5340076475028144,
      2.179432121239736,
      1.84919052891629,
      1.8530613960858249,
      1.6641533986970576,
      1.7414869234047963,
      1.37103632861425,
      1.2854961332416157,
      1.3046345972987101,
      1.3099770148643766,
      0.0,
      1.6349379885690305,
      1.2732636522204646,
      1.5977427971395015,
      1.9900111140809076,
      2.2706738525291246
    ],
    [
      2.8244154128223924,
      2.4333423813085675,
      2.3131720563875415,
      1.9684628652904599,
      1.9067148374527205,
      1.9745270489318594,
      1.7837382398858161,
      1.661499333682477,
      1.546815440712737,
      1.5015503338365117,
      1.6349379885690305,
      0.0,
      1.6578463736619495,
      2.032725116693988,
      2.189757227868303,
      2.4271247356044126
    ],
    [
      2.7122382365375444,
      2.355583751623481,
      2.209824816094928,
      2.0370344914829333,
      1.7529554066493527,
      1.8801072325098864,
      1.4219966374217718,
      1.5217538533672161,
      1.3459896392944974,
      1.3258067380974652,
      1.2732636522204646,
      1.6578463736619495,
      0.0,
      1.8176152254127453,
      2.125131605592721,
      2.2965758141867587
    ],
    [
      2.762390891965821,
      2.4936738950915256,
      2.5027937387128594,
      2.491724358813318,
      2.3288052586584636,
      1.8804847059101415,
      1.953860748349006,
      1.8496143772378937,
      1.9350952838956483,
      1.7064830047961501,
      1.5977427971395015,
      2.032725116693988,
      1.8176152254127453,
      0.0,
      1.7633428012205732,
      1.9546133932057006
    ],
    [
      2.99706364529684,
      2.7701591296845773,
      2.813914379104354,
      2.85537700246177,
      2.658138906850778,
      2.4256997544905756,
      2.24277670488181,
      2.224743626878981,
      2.2869025413104893,
      2.0891239577653047,
      1.9900111140809076,
      2.189757227868303,
      2.125131605592721,
      1.7633428012205732,
      0.0,
      1.7700313541815345
    ],
    [
      3.0048710334861175,
      2.9232391930496253,
      3.007642333938768,
      3.0622774581637136,
      2.9591680670605105,
      2.805431532195615,
      2.5160728224979176,
      2.372143357750786,
      2.453778127384162,
      2.4568145600688567,
      2.2706738525291246,
      2.4271247356044126,
      2.2965758141867587,
      1.9546133932057006,
      1.7700313541815345,
      0.0
    ]
  ]
}