{
  "rdm_spearman_rho": 0.5433754924320962,
  "rdm_spearman_p": 2.1065848693698517e-09,
  "rsa_hamming_symbolic": 0.18629427504013765,
  "rsa_hamming_physical": 0.8108491827286567,
  "probe_cosine_bit0": -0.0009366851300001144,
  "probe_cosine_bit1": 0.0897844061255455,
  "probe_cosine_bit2": -0.03723812475800514,
  "probe_cosine_bit3": -0.014100945554673672,
  "probe_cosine_mean": 0.03551504039205611,
  "stitching_r2_train": 0.40217483043670654,
  "stitching_r2_test": -1992.780517578125,
  "stitching_n_samples": 6000,
  "cka_centroids": 0.7730111640493462,
  "cka_full": 0.205953001515817,
  "eigenvalue_shape_rho": 1.0
}