{
  "count_probe_r2": 0.9893422722816467,
  "count_probe_exact": 0.9265625,
  "count_probe_mae": 0.23371835350990294,
  "bit_probe_0_accuracy": 0.9953125,
  "bit_probe_0_weight_norm": 6.440715789794922,
  "bit_probe_1_accuracy": 0.9953125,
  "bit_probe_1_weight_norm": 4.289381980895996,
  "bit_probe_2_accuracy": 0.9984375,
  "bit_probe_2_weight_norm": 3.6514809131622314,
  "bit_probe_3_accuracy": 1.0,
  "bit_probe_3_weight_norm": 2.7417240142822266,
  "probe_snr": 106.1731948852539,
  "carry_probe_accuracy": 0.990625,
  "ghe": 0.1456555008087465,
  "arc_r2": 0.9997055697025496,
  "beta_0": 1,
  "beta_1": 0,
  "rsa_ordinal": 0.7086744643798856,
  "rsa_hamming": 0.32029458720702064,
  "pairwise_r2_hamming": 0.07558437578785693,
  "pairwise_r2_decimal": 0.35848022143662583,
  "pca_variance_explained": [
    0.4567951560020447,
    0.18537217378616333,
    0.11186051368713379,
    0.04984789714217186,
    0.044240083545446396,
    0.03058617189526558,
    0.02180900052189827,
    0.019788136705756187,
    0.018783550709486008,
    0.01691429875791073
  ],
  "pca_90pct_dims": 7,
  "erank": 9.040802667950594,
  "dci_disentanglement": 0.17998643691489447,
  "dci_compactness": 0.05393398612334377,
  "nn_accuracy": 1.0,
  "n_samples": 6400,
  "n_counts": 16,
  "rdm_agent": [
    [
      0.0,
      1.6927720463613027,
      2.3131561327685497,
      2.6553490623413034,
      2.994744990104261,
      3.1848034856988248,
      3.8332879992195408,
      3.75652704205411,
      3.310669109910458,
      2.9208825539675813,
      2.8943684272663077,
      2.7136105238183474,
      2.5107926576584325,
      2.5687203168621995,
      2.8694950840808895,
      2.708293376730502
    ],
    [
      1.6927720463613027,
      0.0,
      2.127953179658887,
      2.158927938862792,
      2.6013850502353533,
      2.5421882871071313,
      3.55658405001521,
      3.322356630539707,
      3.091786032474532,
      2.4132046936171765,
      2.8046458466044633,
      2.621232971938527,
      2.611085552031115,
      2.4744109603725155,
      3.0989169516916135,
      2.9785877152780618
    ],
    [
      2.3131561327685497,
      2.127953179658887,
      0.0,
      1.2967993620172389,
      2.2820910360148354,
      2.4757629675848665,
      2.404026604694676,
      2.6150358319444296,
      2.6228028388615443,
      2.50453949232682,
      1.9587853051108362,
      2.1849492019696797,
      2.616166751133067,
      2.7200549794513567,
      2.746548089163493,
      2.9707291648690033
    ],
    [
      2.6553490623413034,
      2.158927938862792,
      1.2967993620172389,
      0.0,
      1.963250000701269,
      1.9945296289872343,
      2.146652029186326,
      2.0278445435408035,
      2.3732330257676124,
      2.06412169850673,
      1.9240422752443798,
      2.040862599084044,
      2.6261676086278167,
      2.688949420966931,
      2.9556116990798458,
      3.0625301634988786
    ],
    [
      2.994744990104261,
      2.6013850502353533,
      2.2820910360148354,
      1.963250000701269,
      0.0,
      1.532521431803578,
      2.2036469435453294,
      1.9531731909882402,
      2.048127957545734,
      1.9342910362377812,
      2.435037052657797,
      2.696256385218052,
      2.7751567481210047,
      2.824491790414072,
      3.5126512192491646,
      3.700235953545743
    ],
    [
      3.1848034856988248,
      2.5421882871071313,
      2.4757629675848665,
      1.9945296289872343,
      1.532521431803578,
      0.0,
      2.114519362366877,
      1.5176516179617305,
      1.8553347166935354,
      1.7343092649702558,
      2.4957489863591835,
      2.8609768610399313,
      3.0949346221871186,
      3.019355289856911,
      3.786583088529603,
      4.00008298569381
    ],
    [
      3.8332879992195408,
      3.55658405001521,
      2.404026604694676,
      2.146652029186326,
      2.2036469435453294,
      2.114519362366877,
      0.0,
      1.4298029317168166,
      2.2693540126828116,
      2.5591444194221005,
      2.377900225537451,
      2.9357626517639663,
      3.4394844468070884,
      3.56139366723622,
      3.6624848823459915,
      4.167464881709597
    ],
    [
      3.75652704205411,
      3.322356630539707,
      2.6150358319444296,
      2.0278445435408035,
      1.9531731909882402,
      1.5176516179617305,
      1.4298029317168166,
      0.0,
      1.8543640409153312,
      2.012108581841766,
      2.308718507543414,
      2.7468337890195285,
      3.2631863464741024,
      3.32335419442966,
      3.710764646687248,
      4.069499457860367
    ],
    [
      3.310669109910458,
      3.091786032474532,
      2.6228028388615443,
      2.3732330257676124,
      2.048127957545734,
      1.8553347166935354,
      2.2693540126828116,
      1.8543640409153312,
      0.0,
      1.7207508091637786,
      1.7783363784856088,
      2.339378764331003,
      2.5184509874308616,
      2.82947713165759,
      3.19776757343592,
      3.5484313695073215
    ],
    [
      2.9208825539675813,
      2.4132046936171765,
      2.50453949232682,
      2.06412169850673,
      1.9342910362377812,
      1.7343092649702558,
      2.5591444194221005,
      2.012108581841766,
      1.7207508091637786,
      0.0,
      2.0003280301353032,
      1.9711789665800177,
      2.2698271179890575,
      2.1804005975232164,
      2.9942202395071114,
      3.1541631143369124
    ],
    [
      2.8943684272663077,
      2.8046458466044633,
      1.9587853051108362,
      1.9240422752443798,
      2.435037052657797,
      2.4957489863591835,
      2.377900225537451,
      2.308718507543414,
      1.7783363784856088,
      2.0003280301353032,
      0.0,
      1.5520015203052415,
      2.0535296843643898,
      2.3325526850885665,
      2.354186643869595,
      2.692924780558309
    ],
    [
      2.7136105238183474,
      2.621232971938527,
      2.1849492019696797,
      2.040862599084044,
      2.696256385218052,
      2.8609768610399313,
      2.9357626517639663,
      2.7468337890195285,
      2.339378764331003,
      1.9711789665800177,
      1.5520015203052415,
      0.0,
      1.78844550832864,
      1.9205383207552922,
      1.8981062371240651,
      2.024659259882813
    ],
    [
      2.5107926576584325,
      2.611085552031115,
      2.616166751133067,
      2.6261676086278167,
      2.7751567481210047,
      3.0949346221871186,
      3.4394844468070884,
      3.2631863464741024,
      2.5184509874308616,
      2.2698271179890575,
      2.0535296843643898,
      1.78844550832864,
      0.0,
      1.5756846674954068,
      1.866145928314419,
      1.808311036290323
    ],
    [
      2.5687203168621995,
      2.4744109603725155,
      2.7200549794513567,
      2.688949420966931,
      2.824491790414072,
      3.019355289856911,
      3.56139366723622,
      3.32335419442966,
      2.82947713165759,
      2.1804005975232164,
      2.3325526850885665,
      1.9205383207552922,
      1.5756846674954068,
      0.0,
      1.9988755526127888,
      1.787942341238511
    ],
    [
      2.8694950840808895,
      3.0989169516916135,
      2.746548089163493,
      2.9556116990798458,
      3.5126512192491646,
      3.786583088529603,
      3.6624848823459915,
      3.710764646687248,
      3.19776757343592,
      2.9942202395071114,
      2.354186643869595,
      1.8981062371240651,
      1.866145928314419,
      1.9988755526127888,
      0.0,
      1.469236272517249
    ],
    [
      2.708293376730502,
      2.9785877152780618,
      2.9707291648690033,
      3.0625301634988786,
      3.700235953545743,
      4.00008298569381,
      4.167464881709597,
      4.069499457860367,
      3.5484313695073215,
      3.1541631143369124,
      2.692924780558309,
      2.024659259882813,
      1.808311036290323,
      1.787942341238511,
      1.469236272517249,
      0.0
    ]
  ]
}