{
  "basic_conformal": {
    "coverage": 0.8662905500705219,
    "target_coverage": 0.9,
    "mean_width": 0.8160610795021057,
    "quantile": 0.4080306295621193,
    "n_train": 7080,
    "n_cal": 2655,
    "n_test": 3545
  },
  "per_count_conformal": {
    "0": {
      "count": 0,
      "carry_depth": 0,
      "coverage": 0.6197183098591549,
      "accuracy": 0.7464788732394366,
      "adaptive_width": 1.3259329362349077,
      "n_test": 142
    },
    "1": {
      "count": 1,
      "carry_depth": 1,
      "coverage": 0.5683453237410072,
      "accuracy": 0.6546762589928058,
      "adaptive_width": 1.3991275382252908,
      "n_test": 139
    },
    "2": {
      "count": 2,
      "carry_depth": 0,
      "coverage": 0.832258064516129,
      "accuracy": 0.9096774193548387,
      "adaptive_width": 0.8178601984707815,
      "n_test": 155
    },
    "3": {
      "count": 3,
      "carry_depth": 2,
      "coverage": 0.8115942028985508,
      "accuracy": 0.9178743961352657,
      "adaptive_width": 0.7318900332731358,
      "n_test": 207
    },
    "4": {
      "count": 4,
      "carry_depth": 0,
      "coverage": 0.8287292817679558,
      "accuracy": 0.8950276243093923,
      "adaptive_width": 0.8943376955778702,
      "n_test": 181
    },
    "5": {
      "count": 5,
      "carry_depth": 1,
      "coverage": 0.7924528301886793,
      "accuracy": 0.9622641509433962,
      "adaptive_width": 0.804633835951487,
      "n_test": 212
    },
    "6": {
      "count": 6,
      "carry_depth": 0,
      "coverage": 0.9605911330049262,
      "accuracy": 0.9753694581280788,
      "adaptive_width": 0.6087148346170022,
      "n_test": 203
    },
    "7": {
      "count": 7,
      "carry_depth": 3,
      "coverage": 1.0,
      "accuracy": 1.0,
      "adaptive_width": 0.46619851248604927,
      "n_test": 261
    },
    "8": {
      "count": 8,
      "carry_depth": 0,
      "coverage": 0.9435483870967742,
      "accuracy": 0.967741935483871,
      "adaptive_width": 0.6335766004479452,
      "n_test": 248
    },
    "9": {
      "count": 9,
      "carry_depth": 1,
      "coverage": 0.9363295880149812,
      "accuracy": 0.9887640449438202,
      "adaptive_width": 0.7410625110973011,
      "n_test": 267
    },
    "10": {
      "count": 10,
      "carry_depth": 0,
      "coverage": 0.927536231884058,
      "accuracy": 0.9855072463768116,
      "adaptive_width": 0.7858338807758533,
      "n_test": 276
    },
    "11": {
      "count": 11,
      "carry_depth": 2,
      "coverage": 0.8729641693811075,
      "accuracy": 0.9348534201954397,
      "adaptive_width": 0.941158454323655,
      "n_test": 307
    },
    "12": {
      "count": 12,
      "carry_depth": 0,
      "coverage": 0.8838028169014085,
      "accuracy": 0.954225352112676,
      "adaptive_width": 0.6247764367323655,
      "n_test": 284
    },
    "13": {
      "count": 13,
      "carry_depth": 1,
      "coverage": 0.8431372549019608,
      "accuracy": 0.8823529411764706,
      "adaptive_width": 1.074009410966458,
      "n_test": 306
    },
    "14": {
      "count": 14,
      "carry_depth": -1,
      "coverage": 0.8851540616246498,
      "accuracy": 0.9327731092436975,
      "adaptive_width": 0.8350715637207032,
      "n_test": 357
    }
  },
  "depth_correlation": {
    "residual_vs_depth_r": -0.031590770652103466,
    "residual_vs_depth_p": 0.07451542362500102,
    "depth_0": {
      "mean_residual": 0.22141502590448445,
      "n": 1489
    },
    "depth_1": {
      "mean_residual": 0.24605470921570088,
      "n": 924
    },
    "depth_2": {
      "mean_residual": 0.2301963730081046,
      "n": 514
    },
    "depth_3": {
      "mean_residual": 0.10720519727217283,
      "n": 261
    }
  },
  "cliff_detection": {
    "noise_0.0": {
      "noise_level": 0.0,
      "coverage": 0.8662905500705219,
      "accuracy": 0.9280677009873061,
      "mean_residual": 0.21778057553031718,
      "suspicious_fraction": 0.13370944992947814
    },
    "noise_0.5": {
      "noise_level": 0.5,
      "coverage": 0.3554301833568406,
      "accuracy": 0.4256699576868829,
      "mean_residual": 0.7146124685096472,
      "suspicious_fraction": 0.6445698166431594
    },
    "noise_1.0": {
      "noise_level": 1.0,
      "coverage": 0.18053596614950634,
      "accuracy": 0.22031029619181947,
      "mean_residual": 1.3804852131896026,
      "suspicious_fraction": 0.8194640338504936
    },
    "noise_2.0": {
      "noise_level": 2.0,
      "coverage": 0.09421720733427362,
      "accuracy": 0.11086036671368124,
      "mean_residual": 2.7141511096604622,
      "suspicious_fraction": 0.9057827926657264
    },
    "noise_5.0": {
      "noise_level": 5.0,
      "coverage": 0.03554301833568406,
      "accuracy": 0.04682651622002821,
      "mean_residual": 6.913905534892224,
      "suspicious_fraction": 0.9644569816643159
    },
    "noise_10.0": {
      "noise_level": 10.0,
      "coverage": 0.023977433004231313,
      "accuracy": 0.027926657263751764,
      "mean_residual": 13.054956522512503,
      "suspicious_fraction": 0.9760225669957687
    }
  },
  "temporal_profile": {
    "mean_residuals_by_step": [
      0.6026745160420736,
      0.2709347407023112,
      0.16279223759969075,
      0.14607486724853516,
      0.15794738133748373,
      0.17251021067301434,
      0.22825860977172852,
      0.20955994923909504,
      0.16415233612060548,
      0.16853497823079427,
      0.1856948216756185,
      0.1641834259033203,
      0.14040435155232747,
      0.11894111633300782,
      0.09532321294148763,
      0.09264580408732097,
      0.131602414449056,
      0.13081719080607096,
      0.16462119420369467,
      0.1805497169494629,
      0.49619963963826497,
      0.25829343795776366,
      0.21621758143107098,
      0.24209124247233074,
      0.24681895573933918,
      0.24517087936401366,
      0.2928318977355957,
      0.6431471188863118,
      0.4023395538330078,
      0.353688112894694,
      0.3754144032796224,
      0.3364879608154297,
      0.2773397127787272,
      0.31862738927205403,
      0.24048757553100586,
      0.20216458638509113,
      0.20920740763346354,
      0.21100282669067383,
      0.2088265101114909,
      0.20702829360961914,
      0.21157217025756836,
      0.21342827479044596,
      0.20909471511840821,
      0.20148242314656575,
      0.17693923314412435,
      0.20003204345703124,
      0.2233884811401367,
      0.25860408147176106,
      0.24913444519042968,
      0.2585933049519857,
      0.23591286341349285,
      0.2437272071838379,
      0.2426446278889974,
      0.25814746220906576,
      0.28558597564697263,
      0.359533437093099,
      0.6772374788920085,
      0.3946030616760254,
      0.3214613914489746,
      0.3077183723449707,
      0.2259062131245931,
      0.1882342020670573,
      0.1676611582438151,
      0.17229973475138347,
      0.20631643931070964,
      0.24028997421264647,
      0.3235267957051595,
      0.6113289515177409,
      0.3416152318318685,
      0.26593252817789714,
      0.19818913141886393,
      0.1916953404744466,
      0.18197539647420247,
      0.18098551432291668,
      0.173492431640625,
      0.17543646494547527,
      0.25846780141194664,
      0.2966541926066081,
      0.21953312555948892,
      0.24219560623168945,
      0.2133435885111491,
      0.19115962982177734,
      0.20703916549682616,
      0.21921927134195965,
      0.19851398468017578,
      0.23082167307535809,
      0.1938471794128418,
      0.18962459564208983,
      0.17253150939941406,
      0.19907331466674805,
      0.16540333429972331,
      0.18380953470865885,
      0.1904766082763672,
      0.2289395014444987,
      0.24937330881754557,
      0.23709163665771485,
      0.2881232579549154,
      0.1858736038208008,
      0.1929664929707845,
      0.205424435933431
    ],
    "n_steps": 100,
    "top_uncertain_steps": [
      56,
      27,
      67,
      0,
      20,
      28,
      57,
      30,
      55,
      29
    ],