{
  "n_episodes": 15,
  "perturbation_magnitude": "calibrated to 10% of mean centroid distance",
  "correlations": {
    "variance": {
      "spearman_r": 0.9234431507934058,
      "p_value": 2.4607068829768104e-06
    },
    "ar1": {
      "spearman_r": 0.12852043851248432,
      "p_value": 0.6614811859447777
    },
    "recovery_half_life": {
      "spearman_r": 0.14518049535669525,
      "p_value": 0.6204538514439353
    },
    "spectral_radius": {
      "spearman_r": 0.21896074709534363,
      "p_value": 0.45199625631629536
    }
  },
  "per_count": {
    "0": {
      "count": 0,
      "upcoming_depth": 0,
      "mean_variance": 0.05018501356244087,
      "ar1": 0.7882072866840948,
      "recovery_half_life": 9.794059054056804,
      "spectral_radius": 1.0496959145105407,
      "mean_abs_eigenvalue": 0.6974497489725353
    },
    "1": {
      "count": 1,
      "upcoming_depth": 1,
      "mean_variance": 0.0819777250289917,
      "ar1": 0.8500398933512163,
      "recovery_half_life": 12.592570273081462,
      "spectral_radius": 1.2275472342313867,
      "mean_abs_eigenvalue": 0.7361699837722796
    },
    "2": {
      "count": 2,
      "upcoming_depth": 0,
      "mean_variance": 0.07314011454582214,
      "ar1": 0.8466849965114913,
      "recovery_half_life": 14.999764982859293,
      "spectral_radius": 1.1158504242384475,
      "mean_abs_eigenvalue": 0.7389585334900017
    },
    "3": {
      "count": 3,
      "upcoming_depth": 2,
      "mean_variance": 0.08718031644821167,
      "ar1": 0.8874374170844012,
      "recovery_half_life": 14.619803937276204,
      "spectral_radius": 1.1993939645974943,
      "mean_abs_eigenvalue": 0.7373624766501519
    },
    "4": {
      "count": 4,
      "upcoming_depth": 0,
      "mean_variance": 0.07444673776626587,
      "ar1": 0.8894763576235467,
      "recovery_half_life": 13.645822095870972,
      "spectral_radius": 1.257237006914387,
      "mean_abs_eigenvalue": 0.7336573735649377
    },
    "5": {
      "count": 5,
      "upcoming_depth": 1,
      "mean_variance": 0.08536702394485474,
      "ar1": 0.9117566406707435,
      "recovery_half_life": 13.009681701660156,
      "spectral_radius": 1.3070715227722016,
      "mean_abs_eigenvalue": 0.7344465649330961
    },
    "6": {
      "count": 6,
      "upcoming_depth": 0,
      "mean_variance": 0.07592736184597015,
      "ar1": 0.9077999629263407,
      "recovery_half_life": 12.57306521733602,
      "spectral_radius": 1.2182935998598519,
      "mean_abs_eigenvalue": 0.7420180743317941
    },
    "7": {
      "count": 7,
      "upcoming_depth": 3,
      "mean_variance": 0.08938096463680267,
      "ar1": 0.9295745354834556,
      "recovery_half_life": 13.474133841196696,
      "spectral_radius": 1.2212755732524114,
      "mean_abs_eigenvalue": 0.7467837799758853
    },
    "8": {
      "count": 8,
      "upcoming_depth": 0,
      "mean_variance": 0.07299362868070602,
      "ar1": 0.9298115615325514,
      "recovery_half_life": 8.121536254882812,
      "spectral_radius": 1.171924523098437,
      "mean_abs_eigenvalue": 0.7417166813423707
    },
    "9": {
      "count": 9,
      "upcoming_depth": 1,
      "mean_variance": 0.08192178606987,
      "ar1": 0.9380449794232846,
      "recovery_half_life": 8.035706917444864,
      "spectral_radius": 1.1345155090639258,
      "mean_abs_eigenvalue": 0.7449219716891725
    },
    "10": {
      "count": 10,
      "upcoming_depth": 0,
      "mean_variance": 0.07024316489696503,
      "ar1": 0.9436863009662678,
      "recovery_half_life": 8.419546127319336,
      "spectral_radius": 1.1906752580594002,
      "mean_abs_eigenvalue": 0.7430192939301735
    },
    "11": {
      "count": 11,
      "upcoming_depth": 2,
      "mean_variance": 0.0879819244146347,
      "ar1": 0.9382759144923208,
      "recovery_half_life": 8.486884164810181,
      "spectral_radius": 1.1731976254279104,
      "mean_abs_eigenvalue": 0.7606872904653832
    },
    "12": {
      "count": 12,
      "upcoming_depth": 0,
      "mean_variance": 0.07325553894042969,
      "ar1": 0.9480165189733574,
      "recovery_half_life": 5.496923923492432,
      "spectral_radius": 1.19073042574176,
      "mean_abs_eigenvalue": 0.7399568783833548
    },
    "13": {
      "count": 13,
      "upcoming_depth": 1,
      "mean_variance": 0.07989083230495453,
      "ar1": 0.954811693332158,
      "recovery_half_life": 4.014111518859863,
      "spectral_radius": 1.0846761913196739,
      "mean_abs_eigenvalue": 0.7434118958404263
    },
    "14": {
      "count": 14,
      "upcoming_depth": -1,
      "mean_variance": 0.013618323020637035,
      "ar1": 0.6817469184348132,
      "recovery_half_life": 0.0,
      "spectral_radius": 0.998375812074282,
      "mean_abs_eigenvalue": 0.7616722773010068
    }
  },
  "temporal_dynamics": {
    "3": {
      "quartile_variance": [
        0.00568754527096947,
        0.02962928470224142,
        0.004221437817128996,
        0.02696730134387811
      ],
      "trend": "increasing",
      "n_segments": 15
    },
    "7": {
      "quartile_variance": [
        0.00730479226137201,
        0.03797665381183227,
        0.005982354252288739,
        0.04588212048014005
      ],
      "trend": "increasing",
      "n_segments": 15
    },
    "11": {
      "quartile_variance": [
        0.005366248761614164,
        0.03598701556523641,
        0.005672036514927943,
        0.028757311155398688
      ],
      "trend": "increasing",
      "n_segments": 15
    }
  },
  "eigenvalue_summary": {
    "0": {
      "spectral_radius": 1.0496959145105407,
      "top5_abs_eigenvalues": [
        1.0496959145105407,
        1.0422654951741785,
        1.0171057205275966,
        0.9897707096695764,
        0.9897707096695764
      ]
    },
    "1": {
      "spectral_radius": 1.2275472342313867,
      "top5_abs_eigenvalues": [
        1.2275472342313867,
        1.2275472342313867,
        1.0494640729979177,
        1.0234339665117989,
        1.0234339665117989
      ]
    },
    "2": {
      "spectral_radius": 1.1158504242384475,
      "top5_abs_eigenvalues": [
        1.1158504242384475,
        1.1158504242384475,
        1.0702143438032918,
        1.0702143438032918,
        1.0381350288285347
      ]
    },
    "3": {
      "spectral_radius": 1.1993939645974943,
      "top5_abs_eigenvalues": [
        1.1993939645974943,
        1.1993939645974943,
        1.0528421334486298,
        1.0528421334486298,
        1.0243672732469262
      ]
    },
    "4": {
      "spectral_radius": 1.257237006914387,
      "top5_abs_eigenvalues": [
        1.257237006914387,
        1.257237006914387,
        1.0568722829213322,
        1.047769652365752,
        1.0363020788460389
      ]
    },
    "5": {
      "spectral_radius": 1.3070715227722016,
      "top5_abs_eigenvalues": [
        1.3070715227722016,
        1.3070715227722016,
        1.1002366160973778,
        1.0662762984343142,
        1.0662762984343142
      ]
    },
    "6": {
      "spectral_radius": 1.2182935998598519,
      "top5_abs_eigenvalues": [
        1.2182935998598519,
        1.2182935998598519,
        1.0475848573978983,
        1.0475848573978983,
        1.03035655928238
      ]
    },
    "7": {
      "spectral_radius": 1.2212755732524114,
      "top5_abs_eigenvalues": [
        1.2212755732524114,
        1.2212755732524114,
        1.077604504139462,
        1.0644683805870285,
        1.048903878922542
      ]
    },
    "8": {
      "spectral_radius": 1.171924523098437,
      "top5_abs_eigenvalues": [
        1.171924523098437,
        1.171924523098437,
        1.0471303941879075,
        1.0212643399976742,
        1.0212643399976742
      ]
    },
    "9": {
      "spectral_radius": 1.1345155090639258,
      "top5_abs_eigenvalues": [
        1.1345155090639258,
        1.1345155090639258,
        1.0585811506635183,
        1.0248191616097762,
        1.0048299104765155
      ]
    },
    "10": {
      "spectral_radius": 1.1906752580594002,