{
  "seed_42": {
    "count_probe": {
      "accuracy": 0.9857787810383747,
      "r2": 0.9973855351543062
    },
    "bit_probes": {
      "bit0": {
        "accuracy": 1.0,
        "r2": 0.9975336883283539
      },
      "bit1": {
        "accuracy": 1.0,
        "r2": 0.9982564222130369
      },
      "bit2": {
        "accuracy": 1.0,
        "r2": 0.9989181545616534
      },
      "bit3": {
        "accuracy": 1.0,
        "r2": 0.9990287152347616
      }
    },
    "rsa": {
      "ordinal": {
        "r": 0.1748470238107802,
        "p": 0.07442835048949296
      },
      "hamming": {
        "r": 0.9039005883499381,
        "p": 8.896569430282423e-40
      }
    },
    "rssm_rsa": {
      "ordinal": {
        "r": 0.7126427620964044
      },
      "hamming": {
        "r": 0.8108491827286567
      }
    },
    "imagination": {
      "start_count": 7,
      "n_steps": 20,
      "predicted_counts": [
        6.730060487493132,
        2.6631832414213354,
        1.9226098903666036,
        2.1890170828801367,
        2.5191105231470754,
        2.6454902363943797,
        2.571901474160049,
        2.37681345025033,
        2.133355539262811,
        1.8870724410462882,
        1.6581569987030544,
        1.4505503591387443,
        1.2602919452690937,
        1.0810708496791328,
        0.9072140921224197,
        0.7349179819160403,
        0.5624744806161441,
        0.39001705981779367,
        0.21907723323209183,
        0.052081698929039355,
        -0.10815201270505304
      ],
      "expected_sequence": [
        7,
        8,
        9,
        10,
        11,
        12,
        13,
        14
      ],
      "first_5_predictions": [
        6.730060487493132,
        2.6631832414213354,
        1.9226098903666036,
        2.1890170828801367,
        2.5191105231470754
      ]
    },
    "observation_cliff": {
      "normal_acc_before50": 0.92,
      "normal_acc_after50": 0.9904191616766467,
      "blanked_acc_before50": 0.92,
      "blanked_acc_after50": 0.017964071856287425,
      "cliff_drop": 0.9020359281437126
    }
  },
  "seed_123": {
    "count_probe": {
      "accuracy": 0.989841986455982,
      "r2": 0.9975925159415286
    },
    "bit_probes": {
      "bit0": {
        "accuracy": 1.0,
        "r2": 0.9971240643605151
      },
      "bit1": {
        "accuracy": 1.0,
        "r2": 0.9981763262843625
      },
      "bit2": {
        "accuracy": 1.0,
        "r2": 0.9988374028058056
      },
      "bit3": {
        "accuracy": 1.0,
        "r2": 0.9990449774192358
      }
    },
    "rsa": {
      "ordinal": {
        "r": 0.24947418347313785,
        "p": 0.010274123443323437
      },
      "hamming": {
        "r": 0.9280250268443444,
        "p": 5.6805958009513416e-46
      }
    },
    "rssm_rsa": {
      "ordinal": {
        "r": 0.7126427620964044
      },
      "hamming": {
        "r": 0.8108491827286567
      }
    },
    "imagination": {
      "start_count": 7,
      "n_steps": 20,
      "predicted_counts": [
        6.722639478179694,
        3.1115265644881993,
        2.322061002053667,
        2.543936975326328,
        2.8833423466574297,
        3.026477688617694,
        2.949543196221721,
        2.7310841886143367,
        2.4565325443415187,
        2.184022377684408,
        1.9413694671602375,
        1.7344870322563075,
        1.557415323293646,
        1.4001656746409563,
        1.253539972390116,
        1.1113415872304477,
        0.9707894561856367,
        0.8319290796148551,
        0.6966467889407887,
        0.5676730785147338,
        0.447774569362939
      ],
      "expected_sequence": [
        7,
        8,
        9,
        10,
        11,
        12,
        13,
        14
      ],
      "first_5_predictions": [
        6.722639478179694,
        3.1115265644881993,
        2.322061002053667,
        2.543936975326328,
        2.8833423466574297
      ]
    },
    "observation_cliff": {
      "normal_acc_before50": 0.94,
      "normal_acc_after50": 0.9892215568862276,
      "blanked_acc_before50": 0.94,
      "blanked_acc_after50": 0.027544910179640718,
      "cliff_drop": 0.9124550898203593
    }
  },
  "seed_456": {
    "count_probe": {
      "accuracy": 0.9869074492099322,
      "r2": 0.9975420480704479
    },
    "bit_probes": {
      "bit0": {
        "accuracy": 1.0,
        "r2": 0.9971000737912634
      },
      "bit1": {
        "accuracy": 1.0,
        "r2": 0.9980791629638293
      },
      "bit2": {
        "accuracy": 1.0,
        "r2": 0.9988770764968173
      },
      "bit3": {
        "accuracy": 1.0,
        "r2": 0.999085524209928
      }
    },
    "rsa": {
      "ordinal": {
        "r": 0.2667286869249761,
        "p": 0.005951272710178973
      },
      "hamming": {
        "r": 0.917877445572888,
        "p": 3.8994448998356755e-43
      }
    },
    "rssm_rsa": {
      "ordinal": {
        "r": 0.7126427620964044
      },
      "hamming": {
        "r": 0.8108491827286567
      }
    },
    "imagination": {
      "start_count": 7,
      "n_steps": 20,
      "predicted_counts": [
        6.8614745830673245,
        3.932843571876383,
        3.3259130037508506,
        3.4237346140839877,
        3.5187901963793937,
        3.3973940907975266,
        3.0672727075415653,
        2.611497814267571,
        2.1185054420132294,
        1.6544611583903537,
        1.2574742197408142,
        0.9416258629390222,
        0.7042725308359827,
        0.5333611118220478,
        0.41329830219179176,
        0.32891948039524443,
        0.267670499647525,
        0.2203978093760166,
        0.18122078604945657,
        0.1469125764345347,
        0.11611125870932759
      ],
      "expected_sequence": [
        7,
        8,
        9,
        10,
        11,
        12,
        13,
        14
      ],
      "first_5_predictions": [
        6.8614745830673245,
        3.932843571876383,
        3.3259130037508506,
        3.4237346140839877,
        3.5187901963793937
      ]
    },
    "observation_cliff": {
      "normal_acc_before50": 0.94,
      "normal_acc_after50": 0.9916167664670659,
      "blanked_acc_before50": 0.94,
      "blanked_acc_after50": 0.025149700598802394,
      "cliff_drop": 0.9148502994011976
    }
  },
  "aggregate": {
    "count_accuracy": {
      "mean": 0.9875094055680963,
      "std": 0.0017125367459354815,
      "values": [
        0.9857787810383747,
        0.989841986455982,
        0.9869074492099322
      ]
    },
    "bit0_accuracy": {
      "mean": 1.0,
      "std": 0.0
    },
    "bit1_accuracy": {
      "mean": 1.0,
      "std": 0.0
    },
    "bit2_accuracy": {
      "mean": 1.0,
      "std": 0.0
    },
    "bit3_accuracy": {
      "mean": 1.0,
      "std": 0.0
    },
    "rsa_ordinal": {
      "mean": 0.23034996473629807,
      "std": 0.03987364886637554
    },
    "rsa_hamming": {
      "mean": 0.9166010202557237,
      "std": 0.009890031323183343
    }
  }
}