{
  "outcome": "C",
  "n_episodes": 30,
  "probe_accs": [
    1.0,
    1.0,
    1.0,
    1.0
  ],
  "timing_results": {
    "0": {
      "c_from": 0,
      "c_to": 1,
      "bits_that_change": [
        0
      ],
      "bits_that_stay": [
        1,
        2,
        3
      ],
      "posterior_sequential": true,
      "posterior_span": 0.0,
      "imagination_sequential": true,
      "imagination_span": 0.0,
      "posterior_stay_max": 0.049071356118154184,
      "imagination_stay_max": 0.09616738879423348,
      "posterior_timings": {
        "0": [
          -1,
          -1,
          -1,
          -1,
          -1,
          -1,
          -1,
          -1,
          -1,
          -1,
          -1,
          -1,
          -1,
          -1,
          -1,
          -1,
          -1,
          -1,
          -1,
          -1,
          -1,
          -1,
          -14,
          -1,
          -1,
          -1,
          -1,
          -1,
          -1,
          -1,
          -1,
          -1,
          -1,
          -1,
          -1,
          -6,
          -11,
          -1,
          -1,
          -1,
          -1,
          -9,
          -1,
          -1,
          -1,
          -1,
          -1,
          -1,
          -1,
          -1,
          -1,
          -1,
          -1,
          -1,
          -1,
          -1,
          -15,
          -1,
          -1,
          -1,
          -1,
          -1,
          -1,
          -1,
          -1,
          -1,
          -1,
          -1,
          -1,
          -1,
          -1,
          -1,
          -1,
          -1,
          -1,
          -1,
          -1,
          -1,
          -1,
          -1,
          -1,
          -1,
          -1,
          -15,
          -1,
          -1,
          -1,
          -1,
          -1,
          -1,
          -1,
          -1,
          -1,
          -1,
          -1,
          -1,
          -1,
          -1,
          -1,
          -1,
          -1,
          -1,
          -1,
          -1,
          -12,
          -1,
          -1,
          -1,
          -1,
          -1,
          -1,
          -1,
          -1,
          -1,
          -1,
          -1,
          -1,
          -1,
          -1,
          -1,
          -1,
          -1,
          -1,
          -1,
          -1,
          -1,
          -1,
          -1,
          -1,
          -1,
          -1,
          -1,
          -1,
          -1,
          -1,
          -1,
          -1,
          -1
        ]
      },
      "imagination_timings": {
        "0": [
          -2,
          -2,
          0,
          3,
          0,
          0,
          0,
          5,
          4,
          4,
          4,
          -2,
          1,
          1,
          2,
          1,
          0,
          -4,
          -3,
          0,
          0,
          1,
          -6,
          -5,
          2,
          -1,
          3,
          0,
          -5,
          -2,
          -1,
          5,
          -1,
          0,
          1,
          -5,
          -3,
          -7,
          -6,
          -2,
          -2,
          0,
          -2,
          -4,
          -2,
          1,
          1,
          0,
          0,
          0,
          -2,
          -5,
          0,
          1,
          -2,
          -4,
          1,
          -6,
          -5,
          2,
          -2,
          1,
          1,
          1,
          2,
          -2,
          4,
          -3,
          0,
          -2,
          -6,
          -3,
          0,
          4,
          -1,
          2,
          2,
          -5,
          -3,
          -1,
          6,
          -2,
          2,
          1,
          -2,
          -3,
          -4,
          0,
          -3,
          1,
          -1,
          2,
          1,
          -5,
          5,
          -4,
          1,
          -1,
          -1,
          0,
          -3,
          -1,
          -3,
          0,
          0,
          -3,
          -7,
          -5,
          1,
          1,
          1,
          1,
          -6,
          -6,
          -4,
          2,
          -2,
          -2,
          0,
          1,
          1,
          2,
          -2,
          0,
          0,
          -2,
          3,
          2,
          -1,
          3,
          0,
          0,
          2,
          -3,
          -3,
          -2,
          0,
          0,
          -3
        ]
      }
    },
    "1": {
      "c_from": 1,
      "c_to": 2,
      "bits_that_change": [
        0,
        1
      ],
      "bits_that_stay": [
        2,
        3
      ],
      "posterior_sequential": true,
      "posterior_span": 1.2333333333333334,
      "imagination_sequential": true,
      "imagination_span": 0.2999999999999998,
      "posterior_stay_max": 0.038628468910853066,
      "imagination_stay_max": 0.16303128798802693,
      "posterior_timings": {
        "0": [
          -1,
          -1,
          -1,
          -1,
          -1,
          -1,
          -1,
          -1,
          -1,
          -15,
          -1,
          -1,
          -1,
          -1,
          -1,
          -7,
          -9,
          -1,
          -15,
          -1,
          -1,
          -13,
          -1,
          -1,
          -4,
          -1,
          -1,
          -1,
          -1,
          -1,
          -1,
          -1,
          -1,
          -1,
          -1,
          -1,
          -8,
          -1,
          -1,
          -1,
          -1,
          -1,
          -1,
          -1,
          -1,
          -11,
          -1,
          -1,
          -1,
          -1,
          -1,
          -1,
          -1,
          -1,
          -1,
          -1,
          -1,
          -1,
          -1,
          -1
        ],
        "1": [
          -1,
          -1,
          -1,
          -1,
          -1,
          -1,
          -1,
          -1,
          -1,
          -1,
          -1,
          -1,
          -1,
          -1,
          -1,
          -1,
          -1,
          -1,
          -1,
          -1,
          -1,
          -1,
          -1,
          -1,
          -1,
          -1,
          -1,
          -1,
          -1,
          -1,
          -1,
          -1,
          -1,
          -1,
          -1,
          -1,
          -1,
          -1,
          -1,
          -1,
          -1,
          -1,
          -1,
          -1,
          -1,
          -1,
          -1,
          -1,
          -1,
          -1,
          -1,
          -1,
          -1,
          -1,
          -1,
          -1,
          -1,
          -1,
          -1,
          -1
        ]
      },
      "imagination_timings": {
        "0": [
          -3,
          -3,
          -5,
          -2,
          0,
          -3,
          -5,
          -3,
          -2,
          -5,
          -1,
          -1,
          -3,
          -2,
          -2,
          -17,
          -6,
          -5,
          -5,
          -4,
          -3,
          -11,
          0,
          -3,
          -6,
          -2,
          0,
          -5,
          -2,
          -2,
          -3,
          -4,
          -2,
          -4,
          -1,
          -1,
          -7,
          -5,
          0,
          -4,
          -5,
          -3,
          -2,
          -4,
          -2,
          -5,
          -3,
          -3,
          -7,
          -5,
          -1,
          -3,
          -4,
          -2,
          -3,
          -3,
          -2,
          -4,
          -2,
          -1
        ],