{
  "per_count_uncertainty": {
    "0": {
      "count": 0,
      "carry_depth": 0,
      "mean_predictive_std": 0.2984761609036576,
      "mean_epistemic_uncertainty": 0.0004864328092623315,
      "n_samples": 527
    },
    "1": {
      "count": 1,
      "carry_depth": 1,
      "mean_predictive_std": 0.29840925288476905,
      "mean_epistemic_uncertainty": 0.0004464353557667411,
      "n_samples": 558
    },
    "2": {
      "count": 2,
      "carry_depth": 0,
      "mean_predictive_std": 0.2982810230006221,
      "mean_epistemic_uncertainty": 0.00036990812126148556,
      "n_samples": 569
    },
    "3": {
      "count": 3,
      "carry_depth": 2,
      "mean_predictive_std": 0.29834960498947405,
      "mean_epistemic_uncertainty": 0.0004108535477675306,
      "n_samples": 755
    },
    "4": {
      "count": 4,
      "carry_depth": 0,
      "mean_predictive_std": 0.2983390680746418,
      "mean_epistemic_uncertainty": 0.00040455352631613064,
      "n_samples": 660
    },
    "5": {
      "count": 5,
      "carry_depth": 1,
      "mean_predictive_std": 0.2983097601930428,
      "mean_epistemic_uncertainty": 0.00038705544892208687,
      "n_samples": 789
    },
    "6": {
      "count": 6,
      "carry_depth": 0,
      "mean_predictive_std": 0.2982301329694869,
      "mean_epistemic_uncertainty": 0.00033955177850385405,
      "n_samples": 764
    },
    "7": {
      "count": 7,
      "carry_depth": 3,
      "mean_predictive_std": 0.2983506550273425,
      "mean_epistemic_uncertainty": 0.00041151459473501897,
      "n_samples": 1000
    },
    "8": {
      "count": 8,
      "carry_depth": 0,
      "mean_predictive_std": 0.29816667744090913,
      "mean_epistemic_uncertainty": 0.000301715461700999,
      "n_samples": 914
    },
    "9": {
      "count": 9,
      "carry_depth": 1,
      "mean_predictive_std": 0.29817603841942175,
      "mean_epistemic_uncertainty": 0.0003073005008490838,
      "n_samples": 1021
    },
    "10": {
      "count": 10,
      "carry_depth": 0,
      "mean_predictive_std": 0.29812104715089444,
      "mean_epistemic_uncertainty": 0.0002744957689640284,
      "n_samples": 1028
    },
    "11": {
      "count": 11,
      "carry_depth": 2,
      "mean_predictive_std": 0.2981848601765871,
      "mean_epistemic_uncertainty": 0.00031257941920152945,
      "n_samples": 1174
    },
    "12": {
      "count": 12,
      "carry_depth": 0,
      "mean_predictive_std": 0.2981240836366664,
      "mean_epistemic_uncertainty": 0.0002763127740856138,
      "n_samples": 1104
    },
    "13": {
      "count": 13,
      "carry_depth": 1,
      "mean_predictive_std": 0.29811561028621986,
      "mean_epistemic_uncertainty": 0.0002712675579999892,
      "n_samples": 1210
    },
    "14": {
      "count": 14,
      "carry_depth": -1,
      "mean_predictive_std": 0.2980591043590808,
      "mean_epistemic_uncertainty": 0.00023756979657588184,
      "n_samples": 1207
    }
  },
  "depth_correlation": {
    "predictive_std": {
      "spearman_r": 0.09839340599441818,
      "p": 2.3146163964049268e-27
    },
    "epistemic": {
      "spearman_r": 0.09839340599441818,
      "p": 2.3146163964049268e-27
    },
    "depth_0": {
      "mean_pred_std": 0.29821994491349685,
      "mean_epistemic": 0.00033349794874324047,
      "n": 5566
    },
    "depth_1": {
      "mean_pred_std": 0.29822146103257896,
      "mean_epistemic": 0.0003344005685478674,
      "n": 3578
    },
    "depth_2": {
      "mean_pred_std": 0.29824934039106593,
      "mean_epistemic": 0.0003510433730985387,
      "n": 1929
    },
    "depth_3": {
      "mean_pred_std": 0.2983506550273425,
      "mean_epistemic": 0.00041151459473501897,
      "n": 1000
    }
  },
  "transition_vs_steady": {
    "transition_mean_std": 0.29861219317821197,
    "steady_mean_std": 0.2982131070995235,
    "ratio_std": 1.0013382580080739,
    "transition_mean_epist": 0.0005676350226302689,
    "steady_mean_epist": 0.00032942248859538936,
    "ratio_epist": 1.723121651623069,
    "n_transitions": 224,
    "n_steady": 13055
  },
  "per_bit_uncertainty": {
    "bit0": {
      "mean_std_at_0": 0.05215153771813768,
      "mean_std_at_1": 0.05214905308003324,
      "overall_mean_std": 0.05215040447619501,
      "residual_sigma2": 0.0027094690399351953
    },
    "bit1": {
      "mean_std_at_0": 0.05551837192624378,
      "mean_std_at_1": 0.05550836611751318,
      "overall_mean_std": 0.0555135897825681,
      "residual_sigma2": 0.003070205563218337
    },
    "bit2": {
      "mean_std_at_0": 0.04864939384759761,
      "mean_std_at_1": 0.048641176569971196,
      "overall_mean_std": 0.04864524560744645,
      "residual_sigma2": 0.002357488763862734
    },
    "bit3": {
      "mean_std_at_0": 0.0345089716485817,
      "mean_std_at_1": 0.03448535788135922,
      "overall_mean_std": 0.034495354613236086,
      "residual_sigma2": 0.0011854686086653862
    }
  },
  "temporal_profile": {
    "step_mean_uncertainty": [
      0.2981957748482299,
      0.298208000204087,
      0.29818641952078184,
      0.2981550491151371,
      0.29816775587452693,
      0.2981842250643008,
      0.2981938391540255,
      0.2981877776145251,
      0.29819525279118303,
      0.298207559947898,
      0.29822064556350747,
      0.29821541302039595,
      0.2981976830779438,
      0.2981871068077763,
      0.29817806806108377,
      0.2981816548249574,
      0.29818184209661763,
      0.29819099607444494,
      0.29818933607654596,
      0.29819723906292955,
      0.2981960978393839,
      0.2982323161535951,
      0.29823530633728773,
      0.29824578524287637,
      0.29822361327748437,
      0.2982336193606876,
      0.2982370993324981,
      0.2982486710759579,
      0.29827820475986894,
      0.2983121059952267,
      0.2983036326207431,
      0.2982927143283333,
      0.2982833106777367,
      0.2982150006258648,
      0.2981792998976731,
      0.29819134679617115,
      0.29819818377230245,
      0.298195573715046,
      0.2981838849672026,
      0.2981778245798015,
      0.2981708373024658,
      0.2981685370922724,
      0.2981694367107105,
      0.2981704555651751,
      0.29818050481727654,
      0.2981943296729989,
      0.29820956067925386,
      0.2981895320133456,
      0.2982029233319921,
      0.2981813949687443,
      0.29817224567149403,
      0.2981885532004458,
      0.2982232292894731,
      0.29824086498713737,
      0.298258772119814,
      0.2982764466818891,
      0.2982793123503449,
      0.2983028170904681,
      0.2983074543812112,
      0.2982887210258541,
      0.29823458448349,
      0.2982081447757005,
      0.29817956558954684,
      0.2981745792881146,
      0.29818500527535163,
      0.2982169931551298,
      0.2982525245570446,
      0.29824360646070747,
      0.29829135746749363,
      0.29828697006090327,
      0.2982302121009276,
      0.298214660927506,
      0.29821329119776846,
      0.2982266479832595,
      0.298231482633239,
      0.29824794945909733,
      0.29824778476058267,
      0.2982511073844407,
      0.2982496807529664,
      0.29821976688533003,
      0.2982151336117396,
      0.29822282428228314,
      0.2982071584074141,
      0.29820697137091634,
      0.29821794592516376,
      0.29819192262982575,
      0.29817091279677765,
      0.29816915995950677,
      0.29817142828869425,
      0.29816473905191604,
      0.29817054505191287,
      0.2981829634104989,
      0.2982074795440885,
      0.29822373087124526,
      0.2982182403465311,
      0.29824845901798286,
      0.29826606694420676,
      0.29827027056786953,
      0.2982296355511044,
      0.29822720162559685
    ],
    "n_steps_reported": 100,
    "peak_step": 29,
    "peak_uncertainty": 0.2983121059952267,
    "trough_step": 3,
    "trough_uncertainty": 0.2981550491151371
  },
  "calibration": {
    "within_1sigma": 0.8370481927710843,
    "within_2sigma": 0.975828313253012,
    "within_3sigma": 0.9931475903614457,
    "expected_1sigma": 0.683,
    "expected_2sigma": 0.954,
    "expected_3sigma": 0.997,
    "overconfident": false,