{
  "mi_matrix_summary": {
    "n_dims": 100,
    "n_bits": 4,
    "per_bit": {
      "bit0": {
        "mean_mi": 0.1276994332581906,
        "max_mi": 0.6891792883777741,
        "std_mi": 0.12957140417892443,
        "n_dims_above_0.1": 44,
        "n_dims_above_0.3": 8,
        "top5_dims": [
          7,
          4,
          6,
          11,
          71
        ],
        "top5_mi": [
          0.6891792883777741,
          0.6826233674007899,
          0.6582357520824479,
          0.3831615929502732,
          0.3773567547253922
        ]
      },
      "bit1": {
        "mean_mi": 0.14233331839896682,
        "max_mi": 0.6922109421213752,
        "std_mi": 0.14528203477923587,
        "n_dims_above_0.1": 50,
        "n_dims_above_0.3": 12,
        "top5_dims": [
          0,
          5,
          11,
          21,
          72
        ],
        "top5_mi": [
          0.6922109421213752,
          0.6183659843132727,
          0.6051008772048216,
          0.6009541315808844,
          0.44595893249224416
        ]
      },
      "bit2": {
        "mean_mi": 0.14477814601650218,
        "max_mi": 0.6931383809971473,
        "std_mi": 0.15414003132299517,
        "n_dims_above_0.1": 49,
        "n_dims_above_0.3": 14,
        "top5_dims": [
          1,
          56,
          26,
          9,
          16
        ],
        "top5_mi": [
          0.6931383809971473,
          0.6782090223147222,
          0.6674361607447616,
          0.5543883114094659,
          0.4928140313798237
        ]
      },
      "bit3": {
        "mean_mi": 0.17784694822097843,
        "max_mi": 0.681385877212937,
        "std_mi": 0.18110219493226798,
        "n_dims_above_0.1": 51,
        "n_dims_above_0.3": 23,
        "top5_dims": [
          2,
          23,
          18,
          15,
          57
        ],
        "top5_mi": [
          0.681385877212937,
          0.6809602461171252,
          0.6740060394094932,
          0.6687805525591605,
          0.6392555242506847
        ]
      }
    },
    "total_mi": 59.265784589463806
  },
  "count_vs_bits_mi": {
    "spearman_r": 0.9504950495049505,
    "spearman_p": 1.5194520070178196e-51,
    "mean_mi_count": 0.7923786743228525,
    "mean_mi_bits_sum": 0.5926578458946381,
    "max_mi_count": 1.486563553290217,
    "max_mi_bits_sum": 1.3292358104296176
  },
  "block_diagonal": {
    "block_diagonal_score": 0.5291949658886307,
    "n_clusters": 4,
    "cluster_assignments": {
      "1": {
        "dominant_bit": 2,
        "n_dims": 20,
        "mi_per_bit": [
          1.5888587859293897,
          2.5706685732491543,
          7.228701193211961,
          3.8812209529330715
        ]
      },
      "2": {
        "dominant_bit": 3,
        "n_dims": 29,
        "mi_per_bit": [
          1.6037185173326598,
          3.232128651857721,
          3.979951063469108,
          10.524781443669326
        ]
      },
      "3": {
        "dominant_bit": 1,
        "n_dims": 23,
        "mi_per_bit": [
          3.0012230191710496,
          7.033529213916986,
          2.3996269627901716,
          2.209229728891777
        ]
      },
      "4": {
        "dominant_bit": 0,
        "n_dims": 28,
        "mi_per_bit": [
          6.57614300338596,
          1.3970054008728205,
          0.8695353821789733,
          1.169462696603677
        ]
      }
    },
    "interpretation": "1.0 = perfect block-diagonal, 0.25 = uniform (no structure)"
  },
  "specialization": {
    "mean_specialization": 0.5317109227372541,
    "median_specialization": 0.5014486754635109,
    "std_specialization": 0.1512843299721672,
    "n_specialized_dims": 50,
    "n_generalist_dims": 32,
    "histogram": {
      "bins": [
        0,
        0.3,
        0.5,
        0.7,
        0.9,
        1.0
      ],
      "counts": [
        1,
        49,
        35,
        15,
        0
      ]
    }
  },
  "subspace_overlap": {
    "bit0_bit1": {
      "jaccard": 0.17647058823529413,
      "intersection": 6,
      "union": 34
    },
    "bit0_bit2": {
      "jaccard": 0.02564102564102564,
      "intersection": 1,
      "union": 39
    },
    "bit0_bit3": {
      "jaccard": 0.0,
      "intersection": 0,
      "union": 40
    },
    "bit1_bit2": {
      "jaccard": 0.14285714285714285,
      "intersection": 5,
      "union": 35
    },
    "bit1_bit3": {
      "jaccard": 0.1111111111111111,
      "intersection": 4,
      "union": 36
    },
    "bit2_bit3": {
      "jaccard": 0.21212121212121213,
      "intersection": 7,
      "union": 33
    }
  },
  "conditional_mi": {
    "I(h;bit0|bit1=0)": 0.18042810981752155,
    "I(h;bit0|bit1=1)": 0.20731663038915715,
    "I(h;bit0)_marginal": 0.15103144371861207,
    "I(h;bit0|bit2=0)": 0.16405049066664376,
    "I(h;bit0|bit2=1)": 0.17814388315596147,
    "I(h;bit0|bit3=0)": 0.15093572817753864,
    "I(h;bit0|bit3=1)": 0.18754475674799445,
    "I(h;bit1|bit0=0)": 0.23943517760400185,
    "I(h;bit1|bit0=1)": 0.224387003454816,
    "I(h;bit1)_marginal": 0.1909023635857315,
    "I(h;bit1|bit2=0)": 0.22448729782563526,
    "I(h;bit1|bit2=1)": 0.23551362848308754,
    "I(h;bit1|bit3=0)": 0.19570431359183071,
    "I(h;bit1|bit3=1)": 0.2353059789339394,
    "I(h;bit2|bit0=0)": 0.19085306794306478,
    "I(h;bit2|bit0=1)": 0.18801161760928792,
    "I(h;bit2)_marginal": 0.17009190539618424,
    "I(h;bit2|bit1=0)": 0.2156682072328725,
    "I(h;bit2|bit1=1)": 0.20225764680306996,
    "I(h;bit2|bit3=0)": 0.16254109164755093,
    "I(h;bit2|bit3=1)": 0.25125415799315975,
    "I(h;bit3|bit0=0)": 0.21408262035754053,
    "I(h;bit3|bit0=1)": 0.23157122644264175,
    "I(h;bit3)_marginal": 0.2015436289070779,
    "I(h;bit3|bit1=0)": 0.23345872110158655,
    "I(h;bit3|bit1=1)": 0.22562673301216557,
    "I(h;bit3|bit2=0)": 0.21873422347267976,
    "I(h;bit3|bit2=1)": 0.27158148328342024
  },
  "lsb_vs_msb": {
    "bit0_mean_mi": 0.1276994332581906,
    "bit3_mean_mi": 0.17784694822097843,
    "bit0_max_mi": 0.6891792883777741,
    "bit3_max_mi": 0.681385877212937,
    "ratio_mean": 0.7180299383013392,
    "ratio_max": 1.0114375883408597
  }
}