{
  "baseline_s0": {
    "twonn": 5.46428074216589,
    "mle": 7.597089659275527
  },
  "baseline_s2": {
    "twonn": 5.46428074216589,
    "mle": 7.597089659275527
  },
  "randproj_s0": {
    "twonn": 6.115339465136014,
    "mle": 9.276661886394287
  },
  "randproj_s7": {
    "twonn": 5.811906191276122,
    "mle": 8.418066183885491
  },
  "randproj_s8": {
    "twonn": 5.836597776518193,
    "mle": 8.677494365756884
  }
}